AverageEntropy,AverageLength,AverageBits,AverageEfficiency
4.793122731601534,4.821784387596233,15725.5,0.9940328683681676
