{
    "AverageEntropy": 4.793122731601534,
    "AverageLength": 4.821784387596233,
    "AverageBits": 15725.5,
    "AverageEfficiency": 0.9940328683681676
}